epoch,step,train_loss
0,49,0.081436388194561
0,99,0.04101269319653511
