epoch,step,train_loss
0,49,0.06392673403024673
0,99,0.03889741003513336
