epoch,step,train_loss
0,49,0.07537791132926941
0,99,0.03786192089319229
