epoch,step,train_loss
0,49,0.07879152148962021
0,99,0.03851678594946861
