epoch,step,train_loss
0,49,0.07065718621015549
0,99,0.03779348358511925
