epoch,step,train_loss
0,49,0.07111940532922745
0,99,0.040627945214509964
