epoch,step,train_loss
0,49,0.07400389015674591
0,99,0.04078628867864609
